Transaction ID,Date,Customer ID,Country,Gender,Age,Product Category,Quantity,Price per Unit,Order Status
1,1/1/2022,CUST001,Taiwan,Male,53,Electronics,7,127,Completed
2,1/2/2022,CUST002,Indonesia,Female,38,Beauty,4,117,Completed
3,1/3/2022,CUST003,Philippines,Male,32,Clothing,13,39,Completed
4,1/4/2022,CUST004,Malaysia,Female,45,Clothing,15,131,Completed
5,1/5/2022,CUST005,Poland,Female,48,Electronics,11,96,Completed
6,1/6/2022,CUST006,Thailand,Female,38,Clothing,8,45,Completed
7,1/7/2022,CUST007,Germany,Male,22,Clothing,13,127,Completed
8,1/8/2022,CUST008,Mexico,Female,62,Clothing,5,146,Completed
9,1/9/2022,CUST009,Vietnam,Male,36,Electronics,7,99,Completed
10,1/10/2022,CUST010,Italy,Male,51,Electronics,10,112,Completed
11,1/11/2022,CUST011,Germany,Female,38,Clothing,3,141,Completed
12,1/12/2022,CUST012,Turkey,Female,60,Electronics,7,124,Completed
13,1/13/2022,CUST013,United Kingdom,Male,53,Electronics,11,128,Completed
14,1/14/2022,CUST014,Turkey,Male,57,Electronics,11,155,Completed
15,1/15/2022,CUST015,France,Female,51,Beauty,8,174,Cancelled
16,1/16/2022,CUST016,South Korea,Female,51,Electronics,5,77,Completed
17,1/17/2022,CUST017,Germany,Male,61,Beauty,4,26,Completed
18,1/18/2022,CUST018,Bangladesh,Male,27,Clothing,8,112,Completed
19,1/19/2022,CUST019,South Korea,Female,44,Beauty,8,62,Cancelled
20,1/20/2022,CUST020,United Kingdom,Male,45,Electronics,3,154,Completed
21,1/21/2022,CUST021,Poland,Female,25,Electronics,6,45,Completed
22,1/22/2022,CUST022,Bangladesh,Female,33,Electronics,5,82,Completed
23,1/23/2022,CUST023,Turkey,Female,48,Clothing,2,46,Completed
24,1/24/2022,CUST024,Thailand,Female,64,Beauty,8,113,Completed
25,1/25/2022,CUST025,Poland,Female,31,Electronics,12,73,Completed
26,1/26/2022,CUST026,Taiwan,Male,28,Clothing,14,83,Completed
27,1/27/2022,CUST027,Japan,Female,35,Beauty,6,39,Completed
28,1/28/2022,CUST028,Poland,Female,22,Beauty,2,75,Completed
29,1/29/2022,CUST029,USA,Male,33,Clothing,12,132,Completed
30,1/30/2022,CUST030,India,Female,20,Electronics,5,79,Completed
31,1/31/2022,CUST031,Germany,Female,52,Beauty,1,88,Completed
32,2/1/2022,CUST032,USA,Male,25,Electronics,12,155,Completed
33,2/2/2022,CUST033,Indonesia,Male,48,Beauty,10,75,Completed
34,2/3/2022,CUST034,Philippines,Female,36,Beauty,6,159,Completed
35,2/4/2022,CUST035,Bangladesh,Female,64,Beauty,13,45,Completed
36,2/5/2022,CUST036,France,Male,63,Beauty,12,97,Completed
37,2/6/2022,CUST037,Thailand,Male,63,Beauty,9,42,Cancelled
38,2/7/2022,CUST038,Thailand,Female,47,Beauty,1,156,Completed
39,2/8/2022,CUST039,China,Female,26,Electronics,11,113,Completed
40,2/9/2022,CUST040,France,Male,51,Beauty,11,84,Completed
41,2/10/2022,CUST041,Brazil,Male,19,Electronics,15,38,Cancelled
42,2/11/2022,CUST042,France,Male,59,Clothing,10,33,Completed
43,2/12/2022,CUST043,China,Male,56,Beauty,12,114,Completed
44,2/13/2022,CUST044,Philippines,Male,52,Clothing,12,77,Completed
45,2/14/2022,CUST045,South Korea,Male,55,Clothing,15,154,Completed
46,2/15/2022,CUST046,United Kingdom,Female,47,Electronics,14,108,Completed
47,2/16/2022,CUST047,Bangladesh,Female,32,Clothing,14,116,Completed
48,2/17/2022,CUST048,Germany,Male,55,Clothing,15,135,Completed
49,2/18/2022,CUST049,Bangladesh,Female,33,Clothing,14,32,Completed
50,2/19/2022,CUST050,Germany,Male,28,Beauty,3,59,Completed
51,2/20/2022,CUST051,Vietnam,Male,26,Electronics,12,105,Completed
52,2/21/2022,CUST052,Italy,Female,64,Electronics,7,74,Completed
53,2/22/2022,CUST053,Germany,Male,54,Clothing,4,128,Completed
54,2/23/2022,CUST054,Thailand,Female,61,Beauty,9,156,Completed
55,2/24/2022,CUST055,United Kingdom,Female,20,Beauty,3,26,Completed
56,2/25/2022,CUST056,Mexico,Male,43,Beauty,5,158,Completed
57,2/26/2022,CUST057,Indonesia,Female,55,Beauty,3,78,Completed
58,2/27/2022,CUST058,Vietnam,Female,22,Clothing,7,130,Completed
59,2/28/2022,CUST059,Bangladesh,Male,62,Clothing,5,28,Completed
60,3/1/2022,CUST060,Vietnam,Male,55,Beauty,9,78,Completed
61,3/2/2022,CUST061,USA,Female,37,Beauty,7,170,Completed
62,3/3/2022,CUST062,South Korea,Female,43,Beauty,2,68,Completed
63,3/4/2022,CUST063,Vietnam,Male,30,Clothing,4,38,Completed
64,3/5/2022,CUST064,Turkey,Male,61,Beauty,9,119,Completed
65,3/6/2022,CUST065,Italy,Female,45,Beauty,12,72,Completed
66,3/7/2022,CUST066,Brazil,Male,40,Beauty,14,39,Completed
67,3/8/2022,CUST067,Turkey,Female,55,Electronics,2,64,Completed
68,3/9/2022,CUST068,USA,Male,50,Beauty,10,106,Completed
69,3/10/2022,CUST069,Italy,Female,23,Clothing,9,135,Completed
70,3/11/2022,CUST070,Mexico,Male,24,Beauty,10,77,Completed
71,3/12/2022,CUST071,India,Male,25,Electronics,5,48,Completed
72,3/13/2022,CUST072,Brazil,Female,37,Electronics,2,148,Cancelled
73,3/14/2022,CUST073,Bangladesh,Male,22,Electronics,4,65,Completed
74,3/15/2022,CUST074,Vietnam,Female,54,Electronics,12,39,Completed
75,3/16/2022,CUST075,Philippines,Female,59,Clothing,15,69,Completed
76,3/17/2022,CUST076,Thailand,Female,30,Clothing,12,89,Cancelled
77,3/18/2022,CUST077,Brazil,Male,19,Clothing,7,113,Completed
78,3/19/2022,CUST078,Mexico,Male,39,Clothing,12,95,Completed
79,3/20/2022,CUST079,South Korea,Female,38,Clothing,13,33,Completed
80,3/21/2022,CUST080,Germany,Male,21,Beauty,8,112,Completed
81,3/22/2022,CUST081,Turkey,Male,62,Beauty,15,153,Completed
82,3/23/2022,CUST082,India,Male,50,Clothing,3,160,Completed
83,3/24/2022,CUST083,France,Male,60,Clothing,14,87,Completed
84,3/25/2022,CUST084,Brazil,Male,61,Clothing,1,163,Completed
85,3/26/2022,CUST085,Indonesia,Male,26,Electronics,4,105,Completed
86,3/27/2022,CUST086,Philippines,Male,26,Beauty,2,160,Completed
87,3/28/2022,CUST087,Vietnam,Female,53,Clothing,8,57,Completed
88,3/29/2022,CUST088,Italy,Male,25,Electronics,4,147,Completed
89,3/30/2022,CUST089,Brazil,Female,55,Electronics,2,29,Completed
90,3/31/2022,CUST090,Poland,Female,37,Beauty,14,65,Completed
91,4/1/2022,CUST091,Philippines,Female,34,Beauty,6,52,Completed
92,4/2/2022,CUST092,Italy,Male,47,Electronics,6,159,Completed
93,4/3/2022,CUST093,Germany,Female,63,Electronics,10,96,Cancelled
94,4/4/2022,CUST094,Japan,Male,24,Clothing,4,36,Completed
95,4/5/2022,CUST095,Germany,Female,37,Electronics,6,57,Completed
96,4/6/2022,CUST096,Poland,Female,44,Electronics,13,72,Cancelled
97,4/7/2022,CUST097,Turkey,Female,54,Beauty,15,175,Completed
98,4/8/2022,CUST098,Mexico,Female,23,Beauty,2,86,Cancelled
99,4/9/2022,CUST099,USA,Male,30,Clothing,10,61,Completed
100,4/10/2022,CUST100,Turkey,Male,26,Clothing,12,123,Completed
101,4/11/2022,CUST101,USA,Female,29,Beauty,2,128,Completed
102,4/12/2022,CUST102,Brazil,Male,26,Beauty,10,59,Completed
103,4/13/2022,CUST103,Bangladesh,Female,36,Beauty,14,125,Completed
104,4/14/2022,CUST104,China,Female,47,Beauty,4,155,Completed
105,4/15/2022,CUST105,Taiwan,Male,63,Clothing,14,25,Completed
106,4/16/2022,CUST106,Brazil,Male,57,Beauty,15,29,Completed
107,4/17/2022,CUST107,Mexico,Male,41,Beauty,15,166,Completed
108,4/18/2022,CUST108,Indonesia,Female,27,Beauty,8,127,Completed
109,4/19/2022,CUST109,Malaysia,Male,21,Electronics,14,51,Completed
110,4/20/2022,CUST110,Vietnam,Female,18,Clothing,7,161,Completed
111,4/21/2022,CUST111,Brazil,Male,50,Clothing,12,39,Completed
112,4/22/2022,CUST112,Indonesia,Female,45,Clothing,9,114,Completed
113,4/23/2022,CUST113,Turkey,Female,50,Electronics,14,66,Completed
114,4/24/2022,CUST114,United Kingdom,Male,22,Clothing,8,148,Completed
115,4/25/2022,CUST115,Indonesia,Female,48,Clothing,5,87,Completed
116,4/26/2022,CUST116,Italy,Female,32,Beauty,13,120,Cancelled
117,4/27/2022,CUST117,Vietnam,Female,38,Clothing,2,76,Completed
118,4/28/2022,CUST118,Vietnam,Male,36,Electronics,15,120,Cancelled
119,4/29/2022,CUST119,Italy,Female,57,Electronics,5,156,Completed
120,4/30/2022,CUST120,Thailand,Male,52,Clothing,8,175,Completed
121,5/1/2022,CUST121,Vietnam,Female,47,Electronics,10,167,Completed
122,5/2/2022,CUST122,Vietnam,Male,47,Beauty,9,53,Completed
123,5/3/2022,CUST123,Taiwan,Male,38,Electronics,12,60,Completed
124,5/4/2022,CUST124,Mexico,Female,59,Clothing,12,37,Completed
125,5/5/2022,CUST125,USA,Male,63,Clothing,12,95,Completed
126,5/6/2022,CUST126,India,Male,61,Electronics,13,110,Completed
127,5/7/2022,CUST127,China,Male,31,Electronics,9,52,Completed
128,5/8/2022,CUST128,China,Male,60,Beauty,13,90,Completed
129,5/9/2022,CUST129,South Korea,Male,18,Electronics,15,69,Completed
130,5/10/2022,CUST130,Taiwan,Female,64,Beauty,13,86,Completed
131,5/11/2022,CUST131,Poland,Male,59,Clothing,1,158,Completed
132,5/12/2022,CUST132,Poland,Male,56,Electronics,9,52,Completed
133,5/13/2022,CUST133,Poland,Male,38,Electronics,7,52,Completed
134,5/14/2022,CUST134,Germany,Female,54,Beauty,9,132,Completed
135,5/15/2022,CUST135,Philippines,Female,36,Electronics,8,68,Completed
136,5/16/2022,CUST136,Taiwan,Female,47,Clothing,1,108,Completed
137,5/17/2022,CUST137,South Korea,Male,53,Clothing,12,54,Completed
138,5/18/2022,CUST138,Thailand,Male,24,Clothing,8,99,Completed
139,5/19/2022,CUST139,Brazil,Female,45,Electronics,8,152,Completed
140,5/20/2022,CUST140,Thailand,Male,59,Beauty,15,116,Completed
141,5/21/2022,CUST141,Vietnam,Female,58,Electronics,11,153,Completed
142,5/22/2022,CUST142,USA,Male,42,Clothing,3,145,Completed
143,5/23/2022,CUST143,United Kingdom,Female,30,Clothing,1,51,Completed
144,5/24/2022,CUST144,Mexico,Male,59,Beauty,8,145,Completed
145,5/25/2022,CUST145,South Korea,Female,53,Electronics,3,140,Completed
146,5/26/2022,CUST146,Indonesia,Male,55,Clothing,3,27,Completed
147,5/27/2022,CUST147,Vietnam,Female,34,Beauty,1,127,Completed
148,5/28/2022,CUST148,India,Female,24,Beauty,11,161,Completed
149,5/29/2022,CUST149,Mexico,Female,54,Clothing,5,86,Completed
150,5/30/2022,CUST150,USA,Female,26,Beauty,10,75,Completed
151,5/31/2022,CUST151,Turkey,Male,32,Electronics,7,83,Completed
152,6/1/2022,CUST152,Poland,Male,49,Clothing,10,142,Completed
153,6/2/2022,CUST153,Thailand,Male,64,Beauty,9,120,Completed
154,6/3/2022,CUST154,Indonesia,Male,34,Electronics,12,137,Completed
155,6/4/2022,CUST155,Turkey,Male,62,Clothing,7,86,Completed
156,6/5/2022,CUST156,Bangladesh,Female,31,Electronics,9,76,Completed
157,6/6/2022,CUST157,Taiwan,Male,33,Clothing,8,36,Completed
158,6/7/2022,CUST158,France,Male,38,Clothing,12,63,Completed
159,6/8/2022,CUST159,South Korea,Male,56,Beauty,2,154,Completed
160,6/9/2022,CUST160,USA,Male,23,Electronics,1,155,Completed
161,6/10/2022,CUST161,Poland,Male,36,Electronics,7,137,Completed
162,6/11/2022,CUST162,Philippines,Male,30,Beauty,7,125,Completed
163,6/12/2022,CUST163,USA,Female,62,Beauty,14,137,Completed
164,6/13/2022,CUST164,Italy,Male,64,Beauty,8,105,Completed
165,6/14/2022,CUST165,China,Male,26,Electronics,5,137,Completed
166,6/15/2022,CUST166,Taiwan,Male,52,Clothing,3,26,Completed
167,6/16/2022,CUST167,Turkey,Female,59,Electronics,12,154,Completed
168,6/17/2022,CUST168,Germany,Male,61,Electronics,8,78,Completed
169,6/18/2022,CUST169,Japan,Female,42,Electronics,6,111,Completed
170,6/19/2022,CUST170,Germany,Female,46,Beauty,11,153,Completed
171,6/20/2022,CUST171,USA,Female,55,Electronics,3,171,Completed
172,6/21/2022,CUST172,USA,Female,61,Electronics,1,150,Completed
173,6/22/2022,CUST173,Brazil,Male,38,Beauty,3,154,Completed
174,6/23/2022,CUST174,China,Female,42,Clothing,5,77,Completed
175,6/24/2022,CUST175,Poland,Male,55,Electronics,15,92,Completed
176,6/25/2022,CUST176,Vietnam,Male,43,Clothing,14,147,Completed
177,6/26/2022,CUST177,China,Male,57,Electronics,3,169,Completed
178,6/27/2022,CUST178,USA,Female,45,Clothing,1,62,Completed
179,6/28/2022,CUST179,Poland,Female,64,Beauty,5,48,Completed
180,6/29/2022,CUST180,Philippines,Male,20,Electronics,10,93,Completed
181,6/30/2022,CUST181,Taiwan,Female,27,Electronics,7,140,Completed
182,7/1/2022,CUST182,Thailand,Female,26,Electronics,15,122,Completed
183,7/2/2022,CUST183,Germany,Female,35,Electronics,14,163,Completed
184,7/3/2022,CUST184,China,Male,19,Clothing,7,168,Completed
185,7/4/2022,CUST185,Malaysia,Female,35,Electronics,11,121,Completed
186,7/5/2022,CUST186,Japan,Male,42,Clothing,9,148,Completed
187,7/6/2022,CUST187,Germany,Female,55,Clothing,15,94,Completed
188,7/7/2022,CUST188,United Kingdom,Female,38,Electronics,15,117,Completed
189,7/8/2022,CUST189,USA,Female,43,Clothing,10,27,Completed
190,7/9/2022,CUST190,Germany,Male,26,Electronics,10,172,Completed
191,7/10/2022,CUST191,United Kingdom,Male,55,Clothing,12,171,Completed
192,7/11/2022,CUST192,Turkey,Male,56,Beauty,13,114,Completed
193,7/12/2022,CUST193,Brazil,Male,51,Clothing,3,171,Completed
194,7/13/2022,CUST194,Indonesia,Female,30,Beauty,15,172,Cancelled
195,7/14/2022,CUST195,United Kingdom,Female,37,Electronics,7,120,Completed
196,7/15/2022,CUST196,Germany,Female,51,Clothing,1,76,Completed
197,7/16/2022,CUST197,India,Female,51,Beauty,4,152,Completed
198,7/17/2022,CUST198,India,Male,45,Clothing,13,63,Completed
199,7/18/2022,CUST199,Turkey,Male,19,Clothing,4,106,Completed
200,7/19/2022,CUST200,Philippines,Female,48,Clothing,14,128,Cancelled
201,7/20/2022,CUST201,France,Male,63,Clothing,5,153,Completed
202,7/21/2022,CUST202,Germany,Female,54,Beauty,7,35,Completed
203,7/22/2022,CUST203,Indonesia,Male,42,Beauty,7,175,Completed
204,7/23/2022,CUST204,Germany,Female,24,Clothing,13,66,Completed
205,7/24/2022,CUST205,United Kingdom,Male,54,Beauty,15,123,Completed
206,7/25/2022,CUST206,Poland,Female,25,Beauty,11,31,Completed
207,7/26/2022,CUST207,Germany,Female,27,Clothing,13,168,Completed
208,7/27/2022,CUST208,Brazil,Male,19,Clothing,4,114,Completed
209,7/28/2022,CUST209,South Korea,Female,37,Clothing,13,136,Completed
210,7/29/2022,CUST210,Germany,Male,30,Electronics,7,84,Completed
211,7/30/2022,CUST211,Italy,Female,22,Clothing,11,137,Completed
212,7/31/2022,CUST212,Brazil,Male,45,Electronics,3,26,Completed
213,8/1/2022,CUST213,USA,Male,42,Beauty,6,153,Completed
214,8/2/2022,CUST214,Brazil,Male,53,Electronics,12,72,Completed
215,8/3/2022,CUST215,Bangladesh,Male,46,Electronics,2,164,Completed
216,8/4/2022,CUST216,Japan,Male,41,Electronics,10,61,Completed
217,8/5/2022,CUST217,Germany,Female,26,Clothing,13,33,Completed
218,8/6/2022,CUST218,Indonesia,Male,36,Electronics,14,123,Completed
219,8/7/2022,CUST219,Taiwan,Male,26,Electronics,9,171,Completed
220,8/8/2022,CUST220,Thailand,Female,25,Clothing,5,72,Completed
221,8/9/2022,CUST221,Indonesia,Male,37,Beauty,6,155,Completed
222,8/10/2022,CUST222,United Kingdom,Male,19,Beauty,12,172,Completed
223,8/11/2022,CUST223,Japan,Female,22,Beauty,12,78,Completed
224,8/12/2022,CUST224,Malaysia,Female,49,Beauty,12,144,Completed
225,8/13/2022,CUST225,India,Female,41,Beauty,12,140,Completed
226,8/14/2022,CUST226,Brazil,Male,50,Clothing,4,99,Completed
227,8/15/2022,CUST227,Philippines,Male,61,Beauty,14,137,Completed
228,8/16/2022,CUST228,Philippines,Male,39,Clothing,14,128,Completed
229,8/17/2022,CUST229,Italy,Male,61,Electronics,11,108,Cancelled
230,8/18/2022,CUST230,South Korea,Female,40,Electronics,10,136,Completed
231,8/19/2022,CUST231,Brazil,Male,60,Electronics,7,123,Completed
232,8/20/2022,CUST232,Poland,Female,63,Beauty,12,117,Completed
233,8/21/2022,CUST233,Turkey,Male,53,Clothing,9,170,Completed
234,8/22/2022,CUST234,France,Male,36,Beauty,7,152,Completed
235,8/23/2022,CUST235,Indonesia,Female,26,Beauty,14,134,Completed
236,8/24/2022,CUST236,France,Male,58,Clothing,1,106,Completed
237,8/25/2022,CUST237,Japan,Male,37,Electronics,1,78,Completed
238,8/26/2022,CUST238,Vietnam,Female,50,Clothing,9,92,Cancelled
239,8/27/2022,CUST239,Turkey,Female,46,Beauty,11,57,Completed
240,8/28/2022,CUST240,Turkey,Female,39,Clothing,14,166,Completed
241,8/29/2022,CUST241,Philippines,Male,31,Electronics,9,45,Cancelled
242,8/30/2022,CUST242,France,Male,33,Electronics,4,72,Completed
243,8/31/2022,CUST243,Mexico,Female,36,Beauty,13,172,Completed
244,9/1/2022,CUST244,France,Male,35,Beauty,9,152,Completed
245,9/2/2022,CUST245,China,Male,55,Clothing,3,160,Completed
246,9/3/2022,CUST246,Japan,Female,21,Electronics,7,159,Completed
247,9/4/2022,CUST247,China,Male,41,Clothing,6,169,Completed
248,9/5/2022,CUST248,Vietnam,Male,26,Clothing,8,152,Cancelled
249,9/6/2022,CUST249,Mexico,Female,42,Clothing,11,57,Completed
250,9/7/2022,CUST250,Mexico,Female,45,Electronics,9,139,Completed
251,9/8/2022,CUST251,Brazil,Male,53,Beauty,14,143,Completed
252,9/9/2022,CUST252,Brazil,Male,57,Beauty,5,46,Completed
253,9/10/2022,CUST253,South Korea,Female,61,Electronics,1,62,Completed
254,9/11/2022,CUST254,France,Female,53,Beauty,3,133,Completed
255,9/12/2022,CUST255,Bangladesh,Female,51,Clothing,10,75,Completed
256,9/13/2022,CUST256,Poland,Male,29,Electronics,12,32,Completed
257,9/14/2022,CUST257,China,Female,64,Clothing,8,51,Completed
258,9/15/2022,CUST258,Turkey,Male,24,Clothing,15,51,Completed
259,9/16/2022,CUST259,Vietnam,Female,44,Beauty,11,45,Completed
260,9/17/2022,CUST260,Germany,Male,18,Clothing,6,54,Completed
261,9/18/2022,CUST261,Italy,Female,22,Clothing,8,121,Completed
262,9/19/2022,CUST262,Thailand,Male,58,Electronics,9,52,Completed
263,9/20/2022,CUST263,Indonesia,Female,47,Beauty,4,135,Completed
264,9/21/2022,CUST264,India,Female,61,Beauty,1,85,Completed
265,9/22/2022,CUST265,Indonesia,Female,57,Beauty,14,72,Completed
266,9/23/2022,CUST266,Turkey,Male,22,Beauty,1,171,Completed
267,9/24/2022,CUST267,Vietnam,Female,24,Beauty,10,28,Completed
268,9/25/2022,CUST268,Italy,Female,46,Beauty,4,59,Completed
269,9/26/2022,CUST269,Mexico,Male,63,Clothing,12,73,Completed
270,9/27/2022,CUST270,France,Male,58,Clothing,14,41,Completed
271,9/28/2022,CUST271,Taiwan,Male,18,Beauty,7,70,Completed
272,9/29/2022,CUST272,Brazil,Male,34,Clothing,2,141,Completed
273,9/30/2022,CUST273,France,Male,19,Electronics,3,30,Completed
274,10/1/2022,CUST274,Mexico,Female,24,Electronics,1,123,Completed
275,10/2/2022,CUST275,Vietnam,Female,43,Clothing,5,148,Completed
276,10/3/2022,CUST276,Brazil,Male,32,Electronics,1,61,Completed
277,10/4/2022,CUST277,USA,Female,56,Beauty,8,48,Completed
278,10/5/2022,CUST278,Poland,Male,48,Clothing,1,117,Completed
279,10/6/2022,CUST279,Italy,Female,57,Clothing,11,70,Completed
280,10/7/2022,CUST280,Taiwan,Female,22,Electronics,1,119,Completed
281,10/8/2022,CUST281,United Kingdom,Female,30,Clothing,2,123,Completed
282,10/9/2022,CUST282,India,Male,25,Clothing,2,140,Completed
283,10/10/2022,CUST283,Thailand,Male,59,Beauty,12,91,Completed
284,10/11/2022,CUST284,Mexico,Male,61,Electronics,6,152,Completed
285,10/12/2022,CUST285,Mexico,Male,33,Beauty,7,42,Completed
286,10/13/2022,CUST286,Bangladesh,Male,32,Electronics,5,49,Completed
287,10/14/2022,CUST287,Germany,Female,34,Beauty,1,78,Completed
288,10/15/2022,CUST288,Japan,Male,40,Clothing,1,82,Completed
289,10/16/2022,CUST289,United Kingdom,Male,58,Beauty,3,91,Completed
290,10/17/2022,CUST290,Thailand,Female,22,Clothing,14,128,Completed
291,10/18/2022,CUST291,USA,Female,30,Clothing,2,48,Completed
292,10/19/2022,CUST292,South Korea,Female,39,Electronics,5,138,Completed
293,10/20/2022,CUST293,Thailand,Male,39,Beauty,12,56,Completed
294,10/21/2022,CUST294,India,Male,41,Beauty,10,110,Completed
295,10/22/2022,CUST295,France,Male,42,Clothing,6,175,Completed
296,10/23/2022,CUST296,China,Male,26,Electronics,7,151,Completed
297,10/24/2022,CUST297,Thailand,Male,33,Beauty,4,154,Completed
298,10/25/2022,CUST298,France,Male,58,Beauty,7,41,Completed
299,10/26/2022,CUST299,Taiwan,Male,64,Beauty,11,128,Completed
300,10/27/2022,CUST300,Taiwan,Male,40,Electronics,8,161,Completed
301,10/28/2022,CUST301,China,Male,61,Electronics,11,67,Completed
302,10/29/2022,CUST302,Thailand,Female,24,Beauty,1,63,Completed
303,10/30/2022,CUST303,South Korea,Male,54,Beauty,15,50,Completed
304,10/31/2022,CUST304,Philippines,Male,59,Electronics,6,123,Completed
305,11/1/2022,CUST305,China,Male,41,Beauty,8,74,Completed
306,11/2/2022,CUST306,Vietnam,Female,52,Beauty,5,37,Completed
307,11/3/2022,CUST307,South Korea,Female,46,Beauty,4,84,Completed
308,11/4/2022,CUST308,Brazil,Male,34,Beauty,2,159,Completed
309,11/5/2022,CUST309,Taiwan,Male,25,Electronics,6,81,Completed
310,11/6/2022,CUST310,China,Female,25,Beauty,6,60,Completed
311,11/7/2022,CUST311,France,Male,64,Beauty,11,44,Cancelled
312,11/8/2022,CUST312,Brazil,Male,29,Electronics,15,89,Completed
313,11/9/2022,CUST313,Mexico,Female,48,Clothing,1,32,Completed
314,11/10/2022,CUST314,United Kingdom,Male,58,Electronics,9,168,Completed
315,11/11/2022,CUST315,Thailand,Female,21,Electronics,12,166,Completed
316,11/12/2022,CUST316,Thailand,Female,28,Beauty,11,139,Completed
317,11/13/2022,CUST317,Brazil,Female,62,Electronics,6,167,Completed
318,11/14/2022,CUST318,Japan,Female,32,Electronics,13,116,Completed
319,11/15/2022,CUST319,Bangladesh,Female,60,Beauty,3,122,Completed
320,11/16/2022,CUST320,Indonesia,Male,40,Electronics,4,90,Completed
321,11/17/2022,CUST321,Philippines,Female,25,Clothing,12,56,Completed
322,11/18/2022,CUST322,India,Male,43,Electronics,11,110,Completed
323,11/19/2022,CUST323,Turkey,Male,30,Beauty,4,75,Completed
324,11/20/2022,CUST324,Germany,Female,43,Beauty,3,87,Completed
325,11/21/2022,CUST325,South Korea,Female,51,Clothing,10,149,Completed
326,11/22/2022,CUST326,Indonesia,Male,26,Clothing,3,174,Completed
327,11/23/2022,CUST327,Philippines,Female,43,Electronics,15,82,Completed
328,11/24/2022,CUST328,South Korea,Male,36,Beauty,3,82,Completed
329,11/25/2022,CUST329,Japan,Male,60,Beauty,4,110,Completed
330,11/26/2022,CUST330,South Korea,Male,46,Electronics,7,73,Cancelled
331,11/27/2022,CUST331,Mexico,Male,54,Beauty,4,94,Completed
332,11/28/2022,CUST332,Brazil,Male,28,Electronics,9,39,Cancelled
333,11/29/2022,CUST333,Taiwan,Male,56,Electronics,1,78,Cancelled
334,11/30/2022,CUST334,Italy,Male,33,Electronics,8,125,Completed
335,12/1/2022,CUST335,Poland,Female,21,Beauty,7,32,Completed
336,12/2/2022,CUST336,Brazil,Female,50,Clothing,2,77,Cancelled
337,12/3/2022,CUST337,Turkey,Male,30,Clothing,8,84,Completed
338,12/4/2022,CUST338,India,Female,39,Beauty,1,132,Completed
339,12/5/2022,CUST339,Brazil,Female,53,Beauty,11,29,Completed
340,12/6/2022,CUST340,Italy,Female,37,Electronics,12,127,Cancelled
341,12/7/2022,CUST341,Mexico,Female,24,Electronics,9,30,Completed
342,12/8/2022,CUST342,India,Male,48,Clothing,9,133,Completed
343,12/9/2022,CUST343,Bangladesh,Male,56,Electronics,2,140,Completed
344,12/10/2022,CUST344,Malaysia,Female,49,Electronics,7,118,Completed
345,12/11/2022,CUST345,Bangladesh,Male,23,Electronics,15,71,Completed
346,12/12/2022,CUST346,United Kingdom,Male,24,Electronics,14,123,Completed
347,12/13/2022,CUST347,Turkey,Female,42,Beauty,10,79,Cancelled
348,12/14/2022,CUST348,Germany,Male,46,Beauty,3,76,Completed
349,12/15/2022,CUST349,Japan,Male,36,Electronics,7,168,Completed
350,12/16/2022,CUST350,France,Male,42,Beauty,12,37,Completed
351,12/17/2022,CUST351,Vietnam,Male,52,Beauty,10,138,Completed
352,12/18/2022,CUST352,China,Female,50,Electronics,9,148,Completed
353,12/19/2022,CUST353,Mexico,Male,53,Clothing,4,130,Completed
354,12/20/2022,CUST354,Germany,Male,59,Beauty,12,171,Completed
355,12/21/2022,CUST355,Thailand,Male,52,Beauty,1,169,Completed
356,12/22/2022,CUST356,Bangladesh,Female,41,Clothing,2,144,Completed
357,12/23/2022,CUST357,Brazil,Male,42,Clothing,1,87,Completed
358,12/24/2022,CUST358,Mexico,Male,40,Beauty,14,43,Completed
359,12/25/2022,CUST359,Indonesia,Male,37,Clothing,12,116,Completed
360,12/26/2022,CUST360,Italy,Female,47,Electronics,5,82,Completed
361,12/27/2022,CUST361,Poland,Female,60,Electronics,5,114,Completed
362,12/28/2022,CUST362,Mexico,Female,49,Clothing,11,141,Completed
363,12/29/2022,CUST363,China,Female,33,Electronics,7,86,Completed
364,12/30/2022,CUST364,USA,Female,46,Beauty,9,47,Cancelled
365,12/31/2022,CUST365,Mexico,Male,52,Beauty,9,151,Completed
366,1/1/2023,CUST366,Mexico,Male,26,Beauty,3,161,Completed
367,1/2/2023,CUST367,Italy,Female,57,Beauty,3,164,Completed
368,1/3/2023,CUST368,USA,Female,24,Beauty,3,153,Completed
369,1/4/2023,CUST369,Philippines,Female,62,Clothing,4,82,Completed
370,1/5/2023,CUST370,Germany,Female,42,Clothing,8,146,Completed
371,1/6/2023,CUST371,Germany,Female,38,Electronics,6,25,Completed
372,1/7/2023,CUST372,South Korea,Male,29,Electronics,8,58,Completed
373,1/8/2023,CUST373,United Kingdom,Male,27,Electronics,1,120,Completed
374,1/9/2023,CUST374,Philippines,Male,24,Clothing,8,150,Completed
375,1/10/2023,CUST375,China,Female,64,Beauty,4,142,Cancelled
376,1/11/2023,CUST376,Thailand,Female,34,Clothing,11,72,Completed
377,1/12/2023,CUST377,France,Female,35,Electronics,1,113,Completed
378,1/13/2023,CUST378,China,Male,44,Clothing,8,141,Completed
379,1/14/2023,CUST379,Vietnam,Male,63,Clothing,4,153,Completed
380,1/15/2023,CUST380,Japan,Male,25,Clothing,6,40,Completed
381,1/16/2023,CUST381,Philippines,Male,23,Electronics,8,93,Completed
382,1/17/2023,CUST382,Indonesia,Female,55,Beauty,4,46,Completed
383,1/18/2023,CUST383,Mexico,Female,19,Beauty,14,117,Completed
384,1/19/2023,CUST384,Germany,Male,34,Clothing,3,100,Completed
385,1/20/2023,CUST385,Bangladesh,Male,26,Clothing,14,168,Completed
386,1/21/2023,CUST386,Brazil,Female,63,Electronics,9,110,Completed
387,1/22/2023,CUST387,China,Male,18,Clothing,3,53,Completed
388,1/23/2023,CUST388,USA,Female,43,Beauty,9,93,Completed
389,1/24/2023,CUST389,Malaysia,Female,32,Beauty,13,71,Completed
390,1/25/2023,CUST390,Poland,Female,40,Beauty,2,118,Completed
391,1/26/2023,CUST391,United Kingdom,Female,45,Beauty,14,168,Completed
392,1/27/2023,CUST392,Bangladesh,Female,32,Beauty,2,109,Completed
393,1/28/2023,CUST393,Vietnam,Male,62,Clothing,2,63,Completed
394,1/29/2023,CUST394,France,Female,22,Clothing,6,124,Completed
395,1/30/2023,CUST395,United Kingdom,Male,27,Beauty,3,57,Completed
396,1/31/2023,CUST396,China,Female,27,Electronics,13,125,Completed
397,2/1/2023,CUST397,Germany,Male,39,Clothing,9,47,Completed
398,2/2/2023,CUST398,Malaysia,Female,37,Electronics,4,34,Completed
399,2/3/2023,CUST399,Mexico,Male,22,Beauty,1,93,Completed
400,2/4/2023,CUST400,Indonesia,Female,34,Beauty,4,124,Completed
401,2/5/2023,CUST401,France,Male,49,Clothing,1,58,Completed
402,2/6/2023,CUST402,Thailand,Female,40,Beauty,14,162,Completed
403,2/7/2023,CUST403,Poland,Male,61,Clothing,5,171,Completed
404,2/8/2023,CUST404,Poland,Male,62,Beauty,4,120,Completed
405,2/9/2023,CUST405,United Kingdom,Male,29,Electronics,8,25,Completed
406,2/10/2023,CUST406,India,Male,35,Beauty,8,93,Completed
407,2/11/2023,CUST407,Brazil,Male,46,Beauty,7,28,Completed
408,2/12/2023,CUST408,Bangladesh,Male,56,Electronics,3,40,Completed
409,2/13/2023,CUST409,Brazil,Female,48,Electronics,1,48,Completed
410,2/14/2023,CUST410,Indonesia,Male,31,Electronics,1,104,Cancelled
411,2/15/2023,CUST411,Thailand,Female,24,Beauty,12,26,Completed
412,2/16/2023,CUST412,India,Female,25,Clothing,11,152,Completed
413,2/17/2023,CUST413,France,Female,55,Clothing,3,108,Completed
414,2/18/2023,CUST414,Philippines,Male,52,Beauty,6,164,Completed
415,2/19/2023,CUST415,Japan,Male,39,Clothing,7,148,Completed
416,2/20/2023,CUST416,Taiwan,Female,43,Beauty,6,57,Completed
417,2/21/2023,CUST417,Italy,Female,22,Clothing,14,125,Completed
418,2/22/2023,CUST418,Vietnam,Female,27,Clothing,14,36,Completed
419,2/23/2023,CUST419,Indonesia,Female,50,Beauty,6,91,Completed
420,2/24/2023,CUST420,Poland,Male,41,Beauty,6,89,Cancelled
421,2/25/2023,CUST421,Poland,Female,22,Clothing,13,98,Completed
422,2/26/2023,CUST422,Bangladesh,Female,37,Electronics,3,67,Completed
423,2/27/2023,CUST423,South Korea,Female,62,Electronics,6,68,Completed
424,2/28/2023,CUST424,Bangladesh,Female,44,Electronics,8,53,Completed
425,3/1/2023,CUST425,Malaysia,Female,62,Beauty,11,165,Completed
426,3/2/2023,CUST426,Germany,Male,58,Electronics,11,36,Completed
427,3/3/2023,CUST427,France,Male,42,Clothing,2,119,Completed
428,3/4/2023,CUST428,Vietnam,Female,60,Clothing,5,70,Completed
429,3/5/2023,CUST429,Vietnam,Male,57,Clothing,14,154,Completed
430,3/6/2023,CUST430,China,Female,34,Clothing,1,59,Cancelled
431,3/7/2023,CUST431,Germany,Male,61,Electronics,12,105,Completed
432,3/8/2023,CUST432,India,Female,63,Clothing,15,114,Completed
433,3/9/2023,CUST433,France,Female,36,Clothing,1,32,Completed
434,3/10/2023,CUST434,South Korea,Male,42,Clothing,5,117,Cancelled
435,3/11/2023,CUST435,Philippines,Male,37,Electronics,12,114,Completed
436,3/12/2023,CUST436,USA,Female,43,Beauty,13,139,Completed
437,3/13/2023,CUST437,USA,Female,62,Beauty,3,129,Completed
438,3/14/2023,CUST438,Philippines,Male,49,Beauty,4,159,Completed
439,3/15/2023,CUST439,Brazil,Female,41,Electronics,3,82,Completed
440,3/16/2023,CUST440,Japan,Female,38,Beauty,1,138,Completed
441,3/17/2023,CUST441,Italy,Female,31,Clothing,1,99,Completed
442,3/18/2023,CUST442,USA,Male,64,Electronics,12,144,Cancelled
443,3/19/2023,CUST443,Poland,Male,27,Beauty,12,45,Completed
444,3/20/2023,CUST444,Brazil,Male,53,Electronics,14,162,Completed
445,3/21/2023,CUST445,South Korea,Female,57,Clothing,13,125,Completed
446,3/22/2023,CUST446,Indonesia,Male,26,Beauty,14,123,Completed
447,3/23/2023,CUST447,Philippines,Female,61,Clothing,5,60,Completed
448,3/24/2023,CUST448,Italy,Female,46,Beauty,6,120,Completed
449,3/25/2023,CUST449,Thailand,Male,28,Clothing,3,175,Completed
450,3/26/2023,CUST450,Malaysia,Female,22,Clothing,12,61,Completed
451,3/27/2023,CUST451,Bangladesh,Female,24,Clothing,9,36,Completed
452,3/28/2023,CUST452,Taiwan,Female,49,Beauty,5,137,Completed
453,3/29/2023,CUST453,Turkey,Female,45,Beauty,8,37,Completed
454,3/30/2023,CUST454,Germany,Female,50,Electronics,13,47,Completed
455,3/31/2023,CUST455,Philippines,Female,24,Electronics,1,123,Completed
456,4/1/2023,CUST456,Germany,Male,36,Beauty,14,129,Completed
457,4/2/2023,CUST457,USA,Female,28,Clothing,5,54,Completed
458,4/3/2023,CUST458,Brazil,Female,32,Beauty,15,41,Completed
459,4/4/2023,CUST459,China,Female,40,Electronics,3,137,Completed
460,4/5/2023,CUST460,Italy,Male,19,Clothing,12,86,Completed
461,4/6/2023,CUST461,Vietnam,Female,40,Electronics,1,108,Completed
462,4/7/2023,CUST462,Mexico,Female,57,Clothing,4,136,Completed
463,4/8/2023,CUST463,France,Female,49,Electronics,15,110,Completed
464,4/9/2023,CUST464,Brazil,Male,23,Electronics,13,165,Completed
465,4/10/2023,CUST465,United Kingdom,Male,62,Beauty,5,43,Completed
466,4/11/2023,CUST466,Japan,Female,36,Clothing,7,124,Completed
467,4/12/2023,CUST467,Thailand,Female,34,Electronics,1,164,Completed
468,4/13/2023,CUST468,Turkey,Male,30,Beauty,3,171,Cancelled
469,4/14/2023,CUST469,Germany,Male,24,Beauty,2,100,Completed
470,4/15/2023,CUST470,Brazil,Female,60,Beauty,9,33,Completed
471,4/16/2023,CUST471,Germany,Female,39,Electronics,10,52,Completed
472,4/17/2023,CUST472,Philippines,Male,62,Electronics,15,152,Completed
473,4/18/2023,CUST473,Indonesia,Male,48,Beauty,6,76,Completed
474,4/19/2023,CUST474,Mexico,Male,27,Electronics,10,107,Completed
475,4/20/2023,CUST475,France,Male,64,Beauty,3,135,Completed
476,4/21/2023,CUST476,Mexico,Male,54,Clothing,8,168,Completed
477,4/22/2023,CUST477,Vietnam,Female,24,Electronics,14,141,Completed
478,4/23/2023,CUST478,United Kingdom,Female,42,Beauty,8,93,Completed
479,4/24/2023,CUST479,Italy,Female,56,Electronics,2,123,Completed
480,4/25/2023,CUST480,India,Female,49,Electronics,15,164,Completed
481,4/26/2023,CUST481,Germany,Female,27,Clothing,6,49,Completed
482,4/27/2023,CUST482,Germany,Male,56,Clothing,7,147,Completed
483,4/28/2023,CUST483,Taiwan,Female,40,Clothing,2,77,Completed
484,4/29/2023,CUST484,Brazil,Male,34,Clothing,15,175,Completed
485,4/30/2023,CUST485,Poland,Male,54,Clothing,11,168,Completed
486,5/1/2023,CUST486,United Kingdom,Male,57,Beauty,10,81,Cancelled
487,5/2/2023,CUST487,Brazil,Male,33,Clothing,2,63,Completed
488,5/3/2023,CUST488,Poland,Female,36,Beauty,10,133,Completed
489,5/4/2023,CUST489,China,Male,59,Beauty,1,66,Completed
490,5/5/2023,CUST490,Japan,Female,26,Clothing,8,166,Completed
491,5/6/2023,CUST491,India,Male,25,Beauty,1,146,Completed
492,5/7/2023,CUST492,China,Male,21,Electronics,9,157,Completed
493,5/8/2023,CUST493,USA,Male,29,Beauty,11,99,Completed
494,5/9/2023,CUST494,USA,Male,27,Electronics,6,170,Completed
495,5/10/2023,CUST495,Germany,Male,35,Beauty,7,100,Cancelled
496,5/11/2023,CUST496,Brazil,Male,35,Clothing,13,33,Cancelled
497,5/12/2023,CUST497,Bangladesh,Male,63,Clothing,10,98,Completed
498,5/13/2023,CUST498,France,Male,31,Beauty,7,169,Cancelled
499,5/14/2023,CUST499,Turkey,Female,32,Clothing,10,31,Completed
500,5/15/2023,CUST500,Mexico,Male,28,Electronics,3,165,Completed
501,5/16/2023,CUST501,Philippines,Male,64,Beauty,2,161,Completed
502,5/17/2023,CUST502,Vietnam,Male,33,Clothing,9,51,Completed
503,5/18/2023,CUST503,Vietnam,Female,53,Clothing,8,146,Completed
504,5/19/2023,CUST504,Poland,Female,28,Clothing,13,29,Completed
505,5/20/2023,CUST505,India,Male,37,Beauty,12,53,Completed
506,5/21/2023,CUST506,South Korea,Female,46,Beauty,10,107,Completed
507,5/22/2023,CUST507,Italy,Female,55,Beauty,7,160,Completed
508,5/23/2023,CUST508,Taiwan,Male,60,Clothing,9,133,Cancelled
509,5/24/2023,CUST509,Thailand,Female,61,Beauty,4,89,Completed
510,5/25/2023,CUST510,Poland,Male,18,Clothing,13,110,Completed
511,5/26/2023,CUST511,Vietnam,Female,47,Beauty,4,169,Completed
512,5/27/2023,CUST512,Italy,Female,18,Electronics,1,95,Completed
513,5/28/2023,CUST513,USA,Female,35,Electronics,8,69,Completed
514,5/29/2023,CUST514,Vietnam,Male,55,Clothing,14,156,Completed
515,5/30/2023,CUST515,Turkey,Female,43,Beauty,14,60,Completed
516,5/31/2023,CUST516,South Korea,Male,52,Clothing,12,94,Completed
517,6/1/2023,CUST517,Italy,Female,50,Clothing,3,43,Completed
518,6/2/2023,CUST518,Indonesia,Female,63,Beauty,7,132,Completed
519,6/3/2023,CUST519,Turkey,Male,26,Clothing,15,115,Completed
520,6/4/2023,CUST520,Indonesia,Male,55,Clothing,12,114,Completed
521,6/5/2023,CUST521,Germany,Male,43,Clothing,2,43,Completed
522,6/6/2023,CUST522,United Kingdom,Male,48,Electronics,2,63,Completed
523,6/7/2023,CUST523,Philippines,Male,64,Electronics,7,150,Completed
524,6/8/2023,CUST524,Indonesia,Female,33,Beauty,15,165,Completed
525,6/9/2023,CUST525,Taiwan,Female,52,Clothing,6,150,Completed
526,6/10/2023,CUST526,Philippines,Male,50,Clothing,3,82,Completed
527,6/11/2023,CUST527,Germany,Female,19,Clothing,9,172,Completed
528,6/12/2023,CUST528,India,Male,18,Clothing,10,85,Completed
529,6/13/2023,CUST529,Indonesia,Male,53,Electronics,15,151,Completed
530,6/14/2023,CUST530,France,Male,41,Electronics,14,129,Cancelled
531,6/15/2023,CUST531,Malaysia,Male,23,Clothing,13,25,Cancelled
532,6/16/2023,CUST532,United Kingdom,Male,37,Beauty,6,155,Completed
533,6/17/2023,CUST533,Indonesia,Male,61,Clothing,10,116,Completed
534,6/18/2023,CUST534,Bangladesh,Female,39,Electronics,10,137,Completed
535,6/19/2023,CUST535,United Kingdom,Female,25,Electronics,6,80,Completed
536,6/20/2023,CUST536,China,Female,18,Beauty,1,141,Completed
537,6/21/2023,CUST537,USA,Male,34,Electronics,4,158,Completed
538,6/22/2023,CUST538,USA,Female,41,Clothing,10,82,Completed
539,6/23/2023,CUST539,USA,Female,28,Clothing,6,68,Completed
540,6/24/2023,CUST540,India,Male,52,Clothing,15,85,Completed
541,6/25/2023,CUST541,South Korea,Male,21,Electronics,6,71,Completed
542,6/26/2023,CUST542,Indonesia,Female,45,Electronics,11,173,Completed
543,6/27/2023,CUST543,Philippines,Male,38,Electronics,12,104,Completed
544,6/28/2023,CUST544,Philippines,Male,48,Beauty,5,142,Completed
545,6/29/2023,CUST545,Philippines,Female,32,Electronics,1,171,Completed
546,6/30/2023,CUST546,Bangladesh,Female,51,Clothing,8,44,Completed
547,7/1/2023,CUST547,Philippines,Male,52,Beauty,5,170,Completed
548,7/2/2023,CUST548,Philippines,Female,37,Electronics,12,71,Completed
549,7/3/2023,CUST549,Taiwan,Male,33,Clothing,12,73,Completed
550,7/4/2023,CUST550,Turkey,Male,47,Beauty,12,38,Completed
551,7/5/2023,CUST551,Indonesia,Female,55,Electronics,5,167,Completed
552,7/6/2023,CUST552,Italy,Male,35,Clothing,7,25,Completed
553,7/7/2023,CUST553,Turkey,Male,18,Clothing,4,141,Completed
554,7/8/2023,CUST554,Japan,Male,31,Beauty,6,78,Completed
555,7/9/2023,CUST555,Germany,Female,37,Electronics,13,142,Completed
556,7/10/2023,CUST556,Turkey,Male,25,Clothing,4,27,Completed
557,7/11/2023,CUST557,Mexico,Female,37,Electronics,14,168,Completed
558,7/12/2023,CUST558,Germany,Female,48,Beauty,15,36,Completed
559,7/13/2023,CUST559,Malaysia,Female,63,Electronics,3,98,Completed
560,7/14/2023,CUST560,Taiwan,Male,28,Beauty,7,40,Completed
561,7/15/2023,CUST561,Malaysia,Female,56,Clothing,8,126,Completed
562,7/16/2023,CUST562,South Korea,Male,20,Clothing,4,141,Completed
563,7/17/2023,CUST563,Indonesia,Female,56,Clothing,13,32,Completed
564,7/18/2023,CUST564,USA,Male,43,Beauty,2,146,Completed
565,7/19/2023,CUST565,Philippines,Male,53,Beauty,12,116,Completed
566,7/20/2023,CUST566,Poland,Female,37,Clothing,10,114,Completed
567,7/21/2023,CUST567,Thailand,Male,64,Electronics,14,160,Completed
568,7/22/2023,CUST568,Bangladesh,Male,32,Beauty,3,84,Completed
569,7/23/2023,CUST569,Bangladesh,Male,24,Clothing,1,52,Completed
570,7/24/2023,CUST570,USA,Female,58,Clothing,8,125,Completed
571,7/25/2023,CUST571,United Kingdom,Female,38,Electronics,15,65,Completed
572,7/26/2023,CUST572,Malaysia,Male,54,Beauty,3,169,Cancelled
573,7/27/2023,CUST573,Japan,Male,34,Clothing,12,165,Completed
574,7/28/2023,CUST574,China,Female,50,Beauty,10,70,Cancelled
575,7/29/2023,CUST575,USA,Male,23,Clothing,7,59,Completed
576,7/30/2023,CUST576,India,Male,58,Beauty,10,158,Completed
577,7/31/2023,CUST577,Thailand,Male,44,Electronics,5,106,Completed
578,8/1/2023,CUST578,Germany,Female,20,Clothing,10,139,Completed
579,8/2/2023,CUST579,Brazil,Female,53,Clothing,5,71,Completed
580,8/3/2023,CUST580,United Kingdom,Male,26,Beauty,14,34,Completed
581,8/4/2023,CUST581,Philippines,Female,49,Beauty,7,80,Completed
582,8/5/2023,CUST582,South Korea,Male,61,Beauty,15,54,Completed
583,8/6/2023,CUST583,China,Male,34,Beauty,9,133,Completed
584,8/7/2023,CUST584,Turkey,Female,58,Clothing,12,29,Completed
585,8/8/2023,CUST585,USA,Male,57,Clothing,5,143,Completed
586,8/9/2023,CUST586,Thailand,Male,45,Beauty,1,57,Completed
587,8/10/2023,CUST587,Poland,Female,35,Electronics,10,142,Completed
588,8/11/2023,CUST588,Malaysia,Male,23,Electronics,10,89,Completed
589,8/12/2023,CUST589,Japan,Female,27,Beauty,1,170,Completed
590,8/13/2023,CUST590,Brazil,Male,64,Beauty,15,35,Completed
591,8/14/2023,CUST591,Brazil,Male,26,Electronics,2,109,Completed
592,8/15/2023,CUST592,France,Female,43,Beauty,14,50,Cancelled
593,8/16/2023,CUST593,Italy,Male,35,Beauty,6,87,Cancelled
594,8/17/2023,CUST594,Taiwan,Female,26,Beauty,9,110,Completed
595,8/18/2023,CUST595,Indonesia,Male,47,Electronics,8,83,Completed
596,8/19/2023,CUST596,Brazil,Male,22,Electronics,13,51,Completed
597,8/20/2023,CUST597,South Korea,Female,38,Beauty,5,122,Completed
598,8/21/2023,CUST598,Bangladesh,Male,20,Beauty,1,129,Completed
599,8/22/2023,CUST599,South Korea,Male,18,Clothing,13,123,Completed
600,8/23/2023,CUST600,Italy,Male,38,Electronics,7,153,Completed
601,8/24/2023,CUST601,France,Female,32,Beauty,15,173,Completed
602,8/25/2023,CUST602,Thailand,Male,27,Clothing,5,79,Completed
603,8/26/2023,CUST603,Bangladesh,Female,25,Clothing,6,30,Completed
604,8/27/2023,CUST604,France,Male,31,Clothing,13,119,Completed
605,8/28/2023,CUST605,Mexico,Male,26,Beauty,7,157,Cancelled
606,8/29/2023,CUST606,South Korea,Male,18,Electronics,3,126,Completed
607,8/30/2023,CUST607,Italy,Male,30,Electronics,12,27,Completed
608,8/31/2023,CUST608,United Kingdom,Female,59,Electronics,10,47,Completed
609,9/1/2023,CUST609,Japan,Male,45,Beauty,3,77,Completed
610,9/2/2023,CUST610,France,Female,57,Clothing,5,107,Completed
611,9/3/2023,CUST611,Vietnam,Female,56,Beauty,6,169,Completed
612,9/4/2023,CUST612,Japan,Female,31,Electronics,9,109,Completed
613,9/5/2023,CUST613,USA,Male,35,Beauty,13,102,Completed
614,9/6/2023,CUST614,France,Female,25,Clothing,14,134,Completed
615,9/7/2023,CUST615,France,Male,33,Clothing,12,25,Completed
616,9/8/2023,CUST616,South Korea,Female,25,Beauty,5,75,Completed
617,9/9/2023,CUST617,Japan,Male,23,Clothing,15,28,Completed
618,9/10/2023,CUST618,Philippines,Female,26,Clothing,1,137,Completed
619,9/11/2023,CUST619,Poland,Female,51,Beauty,14,56,Completed
620,9/12/2023,CUST620,France,Female,64,Clothing,14,58,Completed
621,9/13/2023,CUST621,India,Female,54,Electronics,14,116,Completed
622,9/14/2023,CUST622,Taiwan,Female,37,Beauty,4,119,Completed
623,9/15/2023,CUST623,China,Male,34,Beauty,5,96,Completed
624,9/16/2023,CUST624,Taiwan,Male,36,Electronics,12,63,Completed
625,9/17/2023,CUST625,France,Female,52,Electronics,10,142,Completed
626,9/18/2023,CUST626,United Kingdom,Female,64,Clothing,10,27,Completed
627,9/19/2023,CUST627,Indonesia,Male,31,Clothing,5,147,Completed
628,9/20/2023,CUST628,Mexico,Male,43,Beauty,7,74,Completed
629,9/21/2023,CUST629,Thailand,Female,52,Electronics,4,36,Completed
630,9/22/2023,CUST630,Philippines,Female,51,Electronics,1,78,Completed
631,9/23/2023,CUST631,South Korea,Male,43,Electronics,14,157,Completed
632,9/24/2023,CUST632,Vietnam,Male,42,Electronics,14,81,Completed
633,9/25/2023,CUST633,Thailand,Male,63,Beauty,5,169,Completed
634,9/26/2023,CUST634,Italy,Male,47,Beauty,7,136,Completed
635,9/27/2023,CUST635,Brazil,Female,60,Beauty,10,71,Completed
636,9/28/2023,CUST636,South Korea,Male,25,Clothing,10,175,Completed
637,9/29/2023,CUST637,Philippines,Female,34,Beauty,6,109,Completed
638,9/30/2023,CUST638,Turkey,Male,41,Clothing,5,166,Completed
639,10/1/2023,CUST639,Malaysia,Female,58,Beauty,4,90,Completed
640,10/2/2023,CUST640,India,Male,23,Beauty,2,99,Completed
641,10/3/2023,CUST641,Mexico,Female,31,Beauty,4,127,Completed
642,10/4/2023,CUST642,Thailand,Female,35,Beauty,15,62,Completed
643,10/5/2023,CUST643,Brazil,Female,42,Beauty,10,74,Completed
644,10/6/2023,CUST644,USA,Male,28,Clothing,10,122,Completed
645,10/7/2023,CUST645,Thailand,Female,52,Clothing,3,106,Completed
646,10/8/2023,CUST646,Mexico,Male,48,Beauty,10,54,Completed
647,10/9/2023,CUST647,Turkey,Male,45,Beauty,1,103,Completed
648,10/10/2023,CUST648,USA,Female,29,Beauty,8,115,Completed
649,10/11/2023,CUST649,Bangladesh,Male,44,Beauty,5,76,Completed
650,10/12/2023,CUST650,Malaysia,Male,37,Beauty,13,103,Completed
651,10/13/2023,CUST651,Vietnam,Male,31,Clothing,4,54,Completed
652,10/14/2023,CUST652,Philippines,Male,37,Electronics,8,130,Cancelled
653,10/15/2023,CUST653,Germany,Male,55,Clothing,7,75,Completed
654,10/16/2023,CUST654,Bangladesh,Male,26,Clothing,2,105,Completed
655,10/17/2023,CUST655,India,Female,51,Beauty,1,157,Completed
656,10/18/2023,CUST656,Malaysia,Male,26,Beauty,12,53,Completed
657,10/19/2023,CUST657,Taiwan,Female,59,Beauty,11,156,Cancelled
658,10/20/2023,CUST658,Indonesia,Female,23,Clothing,4,162,Completed
659,10/21/2023,CUST659,Malaysia,Female,49,Electronics,8,169,Completed
660,10/22/2023,CUST660,France,Female,25,Electronics,12,98,Completed
661,10/23/2023,CUST661,Thailand,Female,47,Electronics,2,41,Completed
662,10/24/2023,CUST662,Italy,Male,36,Beauty,3,108,Completed
663,10/25/2023,CUST663,China,Male,55,Clothing,12,93,Completed
664,10/26/2023,CUST664,USA,Male,55,Electronics,1,58,Completed
665,10/27/2023,CUST665,Japan,Male,26,Beauty,1,30,Completed
666,10/28/2023,CUST666,Turkey,Male,34,Clothing,13,77,Completed
667,10/29/2023,CUST667,India,Male,56,Beauty,3,150,Completed
668,10/30/2023,CUST668,China,Male,44,Electronics,11,67,Completed
669,10/31/2023,CUST669,Poland,Male,54,Electronics,5,139,Completed
670,11/1/2023,CUST670,Thailand,Male,55,Electronics,12,135,Completed
671,11/2/2023,CUST671,Bangladesh,Male,62,Electronics,3,175,Completed
672,11/3/2023,CUST672,Poland,Female,42,Beauty,1,104,Completed
673,11/4/2023,CUST673,Brazil,Male,23,Electronics,1,119,Completed
674,11/5/2023,CUST674,China,Male,23,Clothing,8,142,Completed
675,11/6/2023,CUST675,India,Female,63,Electronics,10,168,Completed
676,11/7/2023,CUST676,Mexico,Male,23,Beauty,11,32,Completed
677,11/8/2023,CUST677,France,Female,23,Beauty,12,156,Completed
678,11/9/2023,CUST678,Taiwan,Male,40,Clothing,13,128,Completed
679,11/10/2023,CUST679,Indonesia,Male,18,Electronics,13,156,Cancelled
680,11/11/2023,CUST680,Taiwan,Female,59,Electronics,12,49,Completed
681,11/12/2023,CUST681,Malaysia,Male,51,Electronics,15,120,Completed
682,11/13/2023,CUST682,Japan,Male,29,Electronics,14,117,Completed
683,11/14/2023,CUST683,Brazil,Female,53,Electronics,2,85,Cancelled
684,11/15/2023,CUST684,United Kingdom,Female,60,Beauty,13,146,Completed
685,11/16/2023,CUST685,United Kingdom,Female,18,Clothing,3,75,Completed
686,11/17/2023,CUST686,South Korea,Male,51,Beauty,2,171,Completed
687,11/18/2023,CUST687,Brazil,Male,48,Beauty,3,45,Completed
688,11/19/2023,CUST688,Brazil,Male,40,Beauty,7,29,Completed
689,11/20/2023,CUST689,Indonesia,Female,58,Beauty,1,116,Completed
690,11/21/2023,CUST690,India,Female,38,Clothing,10,85,Completed
691,11/22/2023,CUST691,India,Male,53,Clothing,8,46,Completed
692,11/23/2023,CUST692,Germany,Male,23,Clothing,13,173,Completed
693,11/24/2023,CUST693,Thailand,Male,31,Beauty,10,94,Completed
694,11/25/2023,CUST694,Vietnam,Male,38,Electronics,10,25,Cancelled
695,11/26/2023,CUST695,Germany,Female,31,Electronics,10,157,Cancelled
696,11/27/2023,CUST696,Vietnam,Female,41,Beauty,14,36,Completed
697,11/28/2023,CUST697,Vietnam,Female,33,Beauty,2,114,Completed
698,11/29/2023,CUST698,Japan,Male,48,Electronics,3,70,Cancelled
699,11/30/2023,CUST699,Indonesia,Female,20,Electronics,9,58,Cancelled
700,12/1/2023,CUST700,South Korea,Male,41,Beauty,7,102,Completed
701,12/2/2023,CUST701,Philippines,Female,22,Beauty,4,69,Completed
702,12/3/2023,CUST702,Taiwan,Female,58,Clothing,10,97,Completed
703,12/4/2023,CUST703,India,Female,47,Electronics,5,50,Completed
704,12/5/2023,CUST704,Brazil,Female,20,Beauty,2,71,Completed
705,12/6/2023,CUST705,South Korea,Male,30,Clothing,13,145,Completed
706,12/7/2023,CUST706,United Kingdom,Male,19,Electronics,11,80,Completed
707,12/8/2023,CUST707,Thailand,Female,63,Electronics,13,118,Completed
708,12/9/2023,CUST708,Italy,Male,22,Beauty,8,131,Completed
709,12/10/2023,CUST709,Japan,Female,36,Beauty,4,87,Completed
710,12/11/2023,CUST710,Malaysia,Female,46,Electronics,9,72,Completed
711,12/12/2023,CUST711,Poland,Female,42,Electronics,5,85,Completed
712,12/13/2023,CUST712,Poland,Female,26,Clothing,13,105,Completed
713,12/14/2023,CUST713,Japan,Male,45,Beauty,9,50,Completed
714,12/15/2023,CUST714,United Kingdom,Female,39,Clothing,4,60,Completed
715,12/16/2023,CUST715,Bangladesh,Male,19,Clothing,10,25,Completed
716,12/17/2023,CUST716,Brazil,Male,56,Beauty,5,32,Completed
717,12/18/2023,CUST717,Thailand,Male,38,Clothing,9,137,Completed
718,12/19/2023,CUST718,Japan,Female,35,Electronics,8,123,Completed
719,12/20/2023,CUST719,Taiwan,Female,34,Electronics,3,71,Completed
720,12/21/2023,CUST720,Indonesia,Female,19,Clothing,1,151,Completed
721,12/22/2023,CUST721,China,Female,38,Clothing,3,80,Completed
722,12/23/2023,CUST722,United Kingdom,Female,51,Beauty,4,38,Completed
723,12/24/2023,CUST723,Vietnam,Female,57,Electronics,2,52,Completed
724,12/25/2023,CUST724,Indonesia,Male,28,Clothing,1,102,Completed
725,12/26/2023,CUST725,India,Male,29,Electronics,7,154,Completed
726,12/27/2023,CUST726,South Korea,Male,27,Beauty,8,133,Completed
727,12/28/2023,CUST727,Japan,Female,29,Beauty,7,38,Completed
728,12/29/2023,CUST728,Thailand,Female,59,Beauty,14,80,Completed
729,12/30/2023,CUST729,France,Male,32,Electronics,5,139,Completed
730,12/31/2023,CUST730,USA,Female,24,Beauty,12,31,Completed
731,1/1/2024,CUST731,China,Female,64,Beauty,1,27,Completed
732,1/2/2024,CUST732,USA,Male,28,Beauty,7,135,Cancelled
733,1/3/2024,CUST733,France,Male,44,Beauty,13,175,Completed
734,1/4/2024,CUST734,Indonesia,Female,43,Clothing,7,131,Completed
735,1/5/2024,CUST735,India,Female,22,Beauty,9,42,Completed
736,1/6/2024,CUST736,Brazil,Male,29,Electronics,3,62,Completed
737,1/7/2024,CUST737,Brazil,Male,60,Beauty,9,139,Completed
738,1/8/2024,CUST738,Indonesia,Male,27,Beauty,14,39,Completed
739,1/9/2024,CUST739,South Korea,Male,49,Electronics,1,143,Cancelled
740,1/10/2024,CUST740,USA,Male,30,Electronics,1,52,Completed
741,1/11/2024,CUST741,India,Male,61,Electronics,14,63,Cancelled
742,1/12/2024,CUST742,Poland,Male,47,Electronics,4,41,Completed
743,1/13/2024,CUST743,South Korea,Male,55,Electronics,9,110,Completed
744,1/14/2024,CUST744,Taiwan,Male,45,Clothing,6,150,Completed
745,1/15/2024,CUST745,Turkey,Male,19,Beauty,13,68,Completed
746,1/16/2024,CUST746,Poland,Male,28,Beauty,11,49,Completed
747,1/17/2024,CUST747,USA,Male,63,Electronics,3,169,Completed
748,1/18/2024,CUST748,Philippines,Female,43,Beauty,1,37,Completed
749,1/19/2024,CUST749,Mexico,Male,54,Clothing,4,49,Completed
750,1/20/2024,CUST750,USA,Female,26,Electronics,12,92,Completed
751,1/21/2024,CUST751,India,Female,31,Electronics,13,162,Completed
752,1/22/2024,CUST752,Turkey,Male,37,Beauty,9,91,Completed
753,1/23/2024,CUST753,China,Male,18,Beauty,3,133,Completed
754,1/24/2024,CUST754,United Kingdom,Female,52,Beauty,12,170,Completed
755,1/25/2024,CUST755,China,Female,64,Beauty,9,135,Completed
756,1/26/2024,CUST756,Poland,Female,29,Beauty,7,135,Completed
757,1/27/2024,CUST757,France,Female,63,Beauty,12,58,Completed
758,1/28/2024,CUST758,Brazil,Female,34,Clothing,14,135,Completed
759,1/29/2024,CUST759,France,Male,35,Beauty,15,32,Completed
760,1/30/2024,CUST760,Japan,Female,44,Clothing,4,137,Completed
761,1/31/2024,CUST761,Taiwan,Male,53,Electronics,3,107,Completed
762,2/1/2024,CUST762,Malaysia,Female,50,Beauty,10,66,Completed
763,2/2/2024,CUST763,Vietnam,Female,34,Clothing,15,125,Completed
764,2/3/2024,CUST764,Japan,Female,53,Electronics,5,30,Completed
765,2/4/2024,CUST765,USA,Female,42,Beauty,5,50,Cancelled
766,2/5/2024,CUST766,Germany,Female,32,Beauty,3,88,Completed
767,2/6/2024,CUST767,Italy,Female,56,Beauty,12,83,Completed
768,2/7/2024,CUST768,Taiwan,Male,29,Beauty,9,133,Completed
769,2/8/2024,CUST769,Taiwan,Female,47,Electronics,4,145,Completed
770,2/9/2024,CUST770,France,Male,43,Clothing,11,57,Completed
771,2/10/2024,CUST771,Thailand,Male,32,Beauty,5,174,Completed
772,2/11/2024,CUST772,Turkey,Female,18,Beauty,4,45,Completed
773,2/12/2024,CUST773,Brazil,Male,26,Beauty,5,94,Completed
774,2/13/2024,CUST774,Vietnam,Female,44,Electronics,7,136,Completed
775,2/14/2024,CUST775,Indonesia,Female,58,Electronics,9,28,Completed
776,2/15/2024,CUST776,Italy,Female,50,Clothing,7,118,Completed
777,2/16/2024,CUST777,South Korea,Female,22,Electronics,13,99,Completed
778,2/17/2024,CUST778,France,Male,59,Beauty,5,86,Completed
779,2/18/2024,CUST779,Indonesia,Female,22,Clothing,10,118,Completed
780,2/19/2024,CUST780,Vietnam,Female,38,Electronics,10,119,Completed
781,2/20/2024,CUST781,Malaysia,Male,49,Clothing,7,79,Completed
782,2/21/2024,CUST782,Germany,Female,63,Beauty,14,161,Completed
783,2/22/2024,CUST783,Vietnam,Female,31,Electronics,15,155,Completed
784,2/23/2024,CUST784,South Korea,Male,52,Electronics,10,55,Completed
785,2/24/2024,CUST785,Taiwan,Male,64,Electronics,5,64,Completed
786,2/25/2024,CUST786,France,Female,34,Electronics,3,60,Completed
787,2/26/2024,CUST787,Italy,Male,31,Clothing,7,30,Completed
788,2/27/2024,CUST788,South Korea,Male,62,Beauty,13,90,Completed
789,2/28/2024,CUST789,Italy,Male,21,Beauty,11,99,Completed
790,2/29/2024,CUST790,Bangladesh,Female,64,Clothing,11,28,Completed
791,3/1/2024,CUST791,Germany,Female,56,Clothing,2,103,Completed
792,3/2/2024,CUST792,France,Male,38,Electronics,15,158,Completed
793,3/3/2024,CUST793,Philippines,Female,54,Beauty,12,142,Completed
794,3/4/2024,CUST794,Indonesia,Male,21,Beauty,9,137,Completed
795,3/5/2024,CUST795,Italy,Male,56,Beauty,10,118,Completed
796,3/6/2024,CUST796,China,Male,61,Beauty,10,86,Completed
797,3/7/2024,CUST797,Italy,Female,20,Clothing,12,103,Completed
798,3/8/2024,CUST798,India,Female,40,Clothing,1,160,Completed
799,3/9/2024,CUST799,Italy,Male,52,Electronics,13,50,Completed
800,3/10/2024,CUST800,Brazil,Male,21,Beauty,6,68,Completed
801,3/11/2024,CUST801,Japan,Female,49,Electronics,7,157,Completed
802,3/12/2024,CUST802,Poland,Female,64,Clothing,14,94,Completed
803,3/13/2024,CUST803,Italy,Male,53,Electronics,13,142,Completed
804,3/14/2024,CUST804,Malaysia,Male,22,Clothing,8,92,Completed
805,3/15/2024,CUST805,Bangladesh,Male,39,Clothing,10,43,Completed
806,3/16/2024,CUST806,China,Female,41,Electronics,9,44,Completed
807,3/17/2024,CUST807,India,Male,50,Electronics,2,137,Cancelled
808,3/18/2024,CUST808,India,Female,50,Electronics,11,164,Completed
809,3/19/2024,CUST809,Thailand,Female,57,Beauty,10,71,Completed
810,3/20/2024,CUST810,Italy,Male,25,Beauty,2,25,Completed
811,3/21/2024,CUST811,Italy,Male,46,Clothing,5,114,Completed
812,3/22/2024,CUST812,Brazil,Female,19,Beauty,13,166,Completed
813,3/23/2024,CUST813,Italy,Male,47,Clothing,5,88,Completed
814,3/24/2024,CUST814,Turkey,Male,24,Beauty,6,62,Cancelled
815,3/25/2024,CUST815,South Korea,Male,53,Beauty,3,61,Completed
816,3/26/2024,CUST816,Turkey,Male,25,Clothing,8,150,Completed
817,3/27/2024,CUST817,Bangladesh,Female,36,Beauty,13,163,Completed
818,3/28/2024,CUST818,Poland,Female,21,Clothing,1,124,Completed
819,3/29/2024,CUST819,India,Female,23,Beauty,6,101,Completed
820,3/30/2024,CUST820,Brazil,Male,20,Beauty,4,27,Completed
821,3/31/2024,CUST821,Malaysia,Female,26,Clothing,1,158,Completed
822,4/1/2024,CUST822,Italy,Male,36,Electronics,15,34,Completed
823,4/2/2024,CUST823,Indonesia,Female,56,Electronics,7,29,Cancelled
824,4/3/2024,CUST824,Turkey,Female,47,Clothing,9,175,Completed
825,4/4/2024,CUST825,Turkey,Male,61,Clothing,13,162,Completed
826,4/5/2024,CUST826,Italy,Female,62,Electronics,4,154,Completed
827,4/6/2024,CUST827,Indonesia,Male,39,Beauty,4,37,Completed
828,4/7/2024,CUST828,Turkey,Male,63,Electronics,6,154,Completed
829,4/8/2024,CUST829,Japan,Female,19,Beauty,12,108,Completed
830,4/9/2024,CUST830,Thailand,Male,47,Clothing,15,89,Completed
831,4/10/2024,CUST831,Taiwan,Female,57,Beauty,3,87,Completed
832,4/11/2024,CUST832,Malaysia,Male,52,Beauty,13,125,Completed
833,4/12/2024,CUST833,Mexico,Female,59,Beauty,12,97,Completed
834,4/13/2024,CUST834,China,Female,38,Electronics,6,41,Completed
835,4/14/2024,CUST835,Bangladesh,Male,49,Clothing,7,33,Completed
836,4/15/2024,CUST836,India,Female,53,Electronics,11,167,Cancelled
837,4/16/2024,CUST837,Italy,Female,18,Clothing,10,62,Completed
838,4/17/2024,CUST838,Poland,Male,55,Beauty,10,118,Completed
839,4/18/2024,CUST839,Bangladesh,Male,26,Electronics,3,119,Completed
840,4/19/2024,CUST840,Vietnam,Female,20,Electronics,7,73,Completed
841,4/20/2024,CUST841,Bangladesh,Female,45,Beauty,14,93,Completed
842,4/21/2024,CUST842,United Kingdom,Female,28,Clothing,3,86,Completed
843,4/22/2024,CUST843,United Kingdom,Female,49,Clothing,13,102,Completed
844,4/23/2024,CUST844,Brazil,Female,19,Electronics,13,141,Completed
845,4/24/2024,CUST845,Poland,Female,23,Beauty,2,144,Completed
846,4/25/2024,CUST846,Indonesia,Female,55,Clothing,12,161,Completed
847,4/26/2024,CUST847,Turkey,Female,28,Electronics,14,100,Completed
848,4/27/2024,CUST848,United Kingdom,Female,41,Electronics,10,59,Completed
849,4/28/2024,CUST849,Germany,Female,45,Beauty,4,25,Cancelled
850,4/29/2024,CUST850,Turkey,Male,26,Clothing,12,64,Completed
851,4/30/2024,CUST851,United Kingdom,Male,50,Beauty,8,88,Completed
852,5/1/2024,CUST852,Mexico,Male,54,Clothing,13,174,Completed
853,5/2/2024,CUST853,Indonesia,Male,24,Beauty,15,84,Completed
854,5/3/2024,CUST854,Bangladesh,Male,28,Beauty,9,88,Completed
855,5/4/2024,CUST855,USA,Female,18,Beauty,7,117,Completed
856,5/5/2024,CUST856,Taiwan,Male,47,Electronics,1,96,Completed
857,5/6/2024,CUST857,Taiwan,Male,29,Electronics,3,35,Completed
858,5/7/2024,CUST858,Turkey,Male,32,Beauty,13,129,Completed
859,5/8/2024,CUST859,Indonesia,Female,25,Electronics,12,38,Completed
860,5/9/2024,CUST860,Brazil,Male,34,Electronics,14,84,Completed
861,5/10/2024,CUST861,Turkey,Male,50,Clothing,9,54,Completed
862,5/11/2024,CUST862,Taiwan,Female,44,Beauty,15,59,Completed
863,5/12/2024,CUST863,United Kingdom,Female,53,Clothing,12,29,Completed
864,5/13/2024,CUST864,Thailand,Male,59,Electronics,1,107,Completed
865,5/14/2024,CUST865,Vietnam,Female,40,Electronics,9,147,Completed
866,5/15/2024,CUST866,Thailand,Male,55,Clothing,8,102,Cancelled
867,5/16/2024,CUST867,Vietnam,Male,51,Clothing,1,86,Completed
868,5/17/2024,CUST868,Turkey,Female,38,Electronics,6,156,Completed
869,5/18/2024,CUST869,Brazil,Female,58,Beauty,5,113,Completed
870,5/19/2024,CUST870,Italy,Male,47,Beauty,6,66,Completed
871,5/20/2024,CUST871,Japan,Female,30,Electronics,10,113,Cancelled
872,5/21/2024,CUST872,Vietnam,Female,48,Clothing,12,170,Completed
873,5/22/2024,CUST873,Vietnam,Female,20,Beauty,13,64,Completed
874,5/23/2024,CUST874,Taiwan,Female,41,Electronics,13,96,Completed
875,5/24/2024,CUST875,Turkey,Male,35,Beauty,13,63,Completed
876,5/25/2024,CUST876,Indonesia,Male,38,Beauty,15,128,Completed
877,5/26/2024,CUST877,India,Male,59,Beauty,5,38,Completed
878,5/27/2024,CUST878,Indonesia,Female,18,Clothing,6,56,Completed
879,5/28/2024,CUST879,Malaysia,Female,58,Beauty,5,149,Completed
880,5/29/2024,CUST880,Malaysia,Female,47,Beauty,11,121,Completed
881,5/30/2024,CUST881,Malaysia,Male,29,Beauty,12,47,Completed
882,5/31/2024,CUST882,Taiwan,Female,35,Electronics,5,87,Completed
883,6/1/2024,CUST883,Mexico,Male,61,Clothing,4,167,Completed
884,6/2/2024,CUST884,Malaysia,Male,28,Beauty,3,169,Completed
885,6/3/2024,CUST885,Italy,Female,41,Clothing,3,77,Cancelled
886,6/4/2024,CUST886,Brazil,Male,31,Electronics,4,128,Completed
887,6/5/2024,CUST887,USA,Female,56,Beauty,9,128,Completed
888,6/6/2024,CUST888,Germany,Male,36,Clothing,2,63,Cancelled
889,6/7/2024,CUST889,Thailand,Male,24,Beauty,15,158,Completed
890,6/8/2024,CUST890,France,Male,34,Electronics,9,91,Completed
891,6/9/2024,CUST891,India,Female,22,Clothing,1,159,Completed
892,6/10/2024,CUST892,Indonesia,Female,56,Beauty,14,66,Completed
893,6/11/2024,CUST893,South Korea,Male,50,Beauty,15,39,Completed
894,6/12/2024,CUST894,Poland,Female,31,Beauty,15,135,Completed
895,6/13/2024,CUST895,Philippines,Male,57,Clothing,1,57,Completed
896,6/14/2024,CUST896,India,Male,61,Beauty,5,62,Completed
897,6/15/2024,CUST897,Taiwan,Male,61,Clothing,6,121,Cancelled
898,6/16/2024,CUST898,Turkey,Female,55,Electronics,6,57,Completed
899,6/17/2024,CUST899,China,Male,40,Clothing,3,110,Completed
900,6/18/2024,CUST900,Malaysia,Male,49,Beauty,7,90,Completed
901,6/19/2024,CUST901,Taiwan,Female,48,Clothing,9,34,Cancelled
902,6/20/2024,CUST902,Vietnam,Female,19,Beauty,11,29,Completed
903,6/21/2024,CUST903,Thailand,Female,28,Clothing,12,147,Completed
904,6/22/2024,CUST904,Mexico,Female,45,Beauty,10,98,Completed
905,6/23/2024,CUST905,Germany,Female,27,Beauty,8,121,Completed
906,6/24/2024,CUST906,Thailand,Female,46,Beauty,6,142,Completed
907,6/25/2024,CUST907,Italy,Male,20,Beauty,12,62,Cancelled
908,6/26/2024,CUST908,Thailand,Female,51,Clothing,8,165,Completed
909,6/27/2024,CUST909,Italy,Male,45,Beauty,12,71,Completed
910,6/28/2024,CUST910,Bangladesh,Male,25,Beauty,5,133,Completed
911,6/29/2024,CUST911,USA,Male,60,Beauty,8,39,Completed
912,6/30/2024,CUST912,Italy,Female,41,Beauty,10,160,Completed
913,7/1/2024,CUST913,Japan,Male,19,Clothing,12,29,Completed
914,7/2/2024,CUST914,United Kingdom,Female,32,Electronics,4,71,Completed
915,7/3/2024,CUST915,Brazil,Female,43,Electronics,10,92,Completed
916,7/4/2024,CUST916,Vietnam,Female,23,Clothing,8,100,Completed
917,7/5/2024,CUST917,France,Male,58,Clothing,10,154,Completed
918,7/6/2024,CUST918,Philippines,Male,34,Electronics,12,119,Completed
919,7/7/2024,CUST919,Poland,Male,47,Beauty,2,139,Completed
920,7/8/2024,CUST920,Mexico,Female,40,Electronics,12,60,Completed
921,7/9/2024,CUST921,Brazil,Female,36,Beauty,12,50,Completed
922,7/10/2024,CUST922,Vietnam,Female,56,Beauty,5,67,Completed
923,7/11/2024,CUST923,Germany,Male,18,Electronics,9,51,Completed
924,7/12/2024,CUST924,Poland,Female,28,Electronics,4,93,Completed
925,7/13/2024,CUST925,France,Female,55,Clothing,11,172,Completed
926,7/14/2024,CUST926,USA,Female,51,Beauty,6,35,Completed
927,7/15/2024,CUST927,Germany,Female,53,Electronics,15,98,Completed
928,7/16/2024,CUST928,Vietnam,Female,18,Beauty,1,128,Completed
929,7/17/2024,CUST929,Mexico,Female,54,Electronics,9,62,Completed
930,7/18/2024,CUST930,France,Female,41,Electronics,1,158,Completed
931,7/19/2024,CUST931,Philippines,Male,34,Beauty,5,47,Completed
932,7/20/2024,CUST932,Thailand,Female,40,Electronics,4,71,Completed
933,7/21/2024,CUST933,USA,Male,42,Beauty,13,114,Completed
934,7/22/2024,CUST934,Indonesia,Female,38,Clothing,12,70,Completed
935,7/23/2024,CUST935,Poland,Male,23,Beauty,13,131,Completed
936,7/24/2024,CUST936,Bangladesh,Male,33,Electronics,13,164,Completed
937,7/25/2024,CUST937,Bangladesh,Male,19,Beauty,14,165,Completed
938,7/26/2024,CUST938,Turkey,Female,41,Beauty,3,128,Completed
939,7/27/2024,CUST939,Mexico,Male,64,Clothing,13,135,Completed
940,7/28/2024,CUST940,Turkey,Male,49,Beauty,6,128,Completed
941,7/29/2024,CUST941,Mexico,Female,43,Beauty,2,84,Completed
942,7/30/2024,CUST942,Thailand,Male,37,Clothing,3,124,Cancelled
943,7/31/2024,CUST943,Poland,Female,59,Beauty,5,92,Completed
944,8/1/2024,CUST944,USA,Male,44,Electronics,15,157,Completed
945,8/2/2024,CUST945,Bangladesh,Female,57,Beauty,9,144,Completed
946,8/3/2024,CUST946,France,Male,50,Clothing,2,61,Cancelled
947,8/4/2024,CUST947,Turkey,Male,48,Clothing,10,96,Completed
948,8/5/2024,CUST948,Brazil,Female,61,Beauty,8,151,Completed
949,8/6/2024,CUST949,Bangladesh,Male,29,Electronics,14,130,Completed
950,8/7/2024,CUST950,India,Female,20,Clothing,2,116,Cancelled
951,8/8/2024,CUST951,Poland,Male,53,Electronics,11,55,Completed
952,8/9/2024,CUST952,Philippines,Female,46,Beauty,13,146,Completed
953,8/10/2024,CUST953,France,Male,61,Electronics,5,161,Completed
954,8/11/2024,CUST954,Italy,Female,30,Electronics,7,75,Completed
955,8/12/2024,CUST955,Bangladesh,Male,52,Beauty,8,53,Completed
956,8/13/2024,CUST956,China,Female,24,Beauty,1,64,Completed
957,8/14/2024,CUST957,Malaysia,Female,64,Clothing,6,65,Cancelled
958,8/15/2024,CUST958,China,Female,34,Beauty,1,35,Completed
959,8/16/2024,CUST959,India,Male,46,Clothing,2,175,Completed
960,8/17/2024,CUST960,Thailand,Male,30,Beauty,15,25,Completed
961,8/18/2024,CUST961,Bangladesh,Male,48,Electronics,1,70,Completed
962,8/19/2024,CUST962,Philippines,Female,62,Beauty,11,125,Completed
963,8/20/2024,CUST963,Indonesia,Male,44,Electronics,5,173,Completed
964,8/21/2024,CUST964,Mexico,Male,39,Beauty,10,114,Completed
965,8/22/2024,CUST965,Philippines,Female,56,Electronics,15,134,Completed
966,8/23/2024,CUST966,South Korea,Male,27,Electronics,9,81,Completed
967,8/24/2024,CUST967,Thailand,Female,20,Clothing,6,25,Completed
968,8/25/2024,CUST968,Bangladesh,Male,46,Clothing,11,87,Completed
969,8/26/2024,CUST969,India,Female,43,Beauty,11,79,Completed
970,8/27/2024,CUST970,Thailand,Female,42,Electronics,1,139,Completed
971,8/28/2024,CUST971,India,Female,61,Beauty,13,167,Completed
972,8/29/2024,CUST972,Malaysia,Male,37,Electronics,1,173,Completed
973,8/30/2024,CUST973,Germany,Female,57,Electronics,2,77,Completed
974,8/31/2024,CUST974,South Korea,Male,57,Beauty,9,161,Completed
975,9/1/2024,CUST975,China,Female,59,Clothing,3,81,Completed
976,9/2/2024,CUST976,Germany,Male,61,Clothing,15,141,Completed
977,9/3/2024,CUST977,Philippines,Female,18,Electronics,1,59,Completed
978,9/4/2024,CUST978,Philippines,Female,22,Clothing,5,87,Completed
979,9/5/2024,CUST979,Brazil,Female,55,Beauty,7,49,Completed
980,9/6/2024,CUST980,USA,Male,64,Beauty,6,114,Completed
981,9/7/2024,CUST981,China,Female,57,Beauty,12,99,Completed
982,9/8/2024,CUST982,Brazil,Male,54,Clothing,1,62,Completed
983,9/9/2024,CUST983,India,Female,54,Clothing,5,154,Completed
984,9/10/2024,CUST984,Taiwan,Male,42,Clothing,15,159,Completed
985,9/11/2024,CUST985,Philippines,Male,24,Beauty,5,115,Completed
986,9/12/2024,CUST986,Vietnam,Male,32,Clothing,6,41,Completed
987,9/13/2024,CUST987,Turkey,Male,25,Clothing,3,152,Completed
988,9/14/2024,CUST988,Bangladesh,Female,29,Beauty,5,132,Completed
989,9/15/2024,CUST989,Philippines,Male,27,Electronics,7,49,Completed
990,9/16/2024,CUST990,United Kingdom,Female,40,Clothing,5,112,Completed
991,9/17/2024,CUST991,Turkey,Male,32,Clothing,5,53,Completed
992,9/18/2024,CUST992,United Kingdom,Male,37,Electronics,5,87,Completed
993,9/19/2024,CUST993,United Kingdom,Female,42,Beauty,10,174,Completed
994,9/20/2024,CUST994,Japan,Male,19,Electronics,10,138,Completed
995,9/21/2024,CUST995,Malaysia,Female,52,Beauty,3,73,Completed
996,9/22/2024,CUST996,Thailand,Male,26,Electronics,1,105,Completed
997,9/23/2024,CUST997,Vietnam,Male,63,Beauty,5,108,Completed
998,9/24/2024,CUST998,Mexico,Male,45,Clothing,14,129,Completed
999,9/25/2024,CUST999,USA,Female,38,Beauty,9,172,Completed
1000,9/26/2024,CUST1000,Poland,Male,18,Electronics,14,142,Completed
